contract_id,file_size_chars,summary,word_count,termination_clause,confidentiality_clause,liability_clause,extraction_success,summary_success,processing_time_seconds
norm_ACCURAYINC_09_01_2010-EX-10.31-DISTRIBUTOR AGREEMENT,87406,"This Multiple LINAC and Multi-Modality Distributor Agreement between [PARTY_A] and [PARTY_B] establishes [PARTY_B] as a non-exclusive worldwide distributor of [PARTY_A]'s radiosurgery products and services, specifically for Multiple LINAC or Multi-Modality Purchases. [PARTY_A] is responsible for providing products that meet specified quality standards and for fulfilling accepted purchase orders, while [PARTY_B] must market and distribute the products effectively, maintain adequate knowledge and training among its personnel, and comply with applicable laws and [PARTY_A]'s pricing policies. Key risks include potential intellectual property disputes and compliance with international trade laws. Penalties for breach include termination of the agreement. The agreement stipulates that termination can occur under conditions of material breach or bankruptcy. Notable provisions include obligations for training, marketing support, and adherence to specified sales targets by [PARTY_B].",125,"6.2. Termination.
6.2.1. Breach. If either party commits a material breach of a material provision of this Agreement, if such breach was not excused as a force majeure pursuant to Section 12.12, and if the breaching party has not cured such breach to the other party's reasonable satisfaction within 30 days after written notice from the other party specifying the nature of such breach, then the other party shall have the right to terminate this Agreement upon delivery of written notice to the breaching Party.
6.2.2. Bankruptcy. A party may terminate this Agreement effective upon delivery of written notice to the other party if: (i) any assignment for the benefit of the other party's creditors is made, (ii) the other party voluntarily files a petition in bankruptcy or similar proceeding, (iii) the other party has such a petition in bankruptcy or similar proceeding involuntarily filed against it, (iv) the other party is placed in an insolvency proceeding, (v) if an order is entered appointing a receiver or trustee of the other party, or (vi) a levy or attachment is made against a substantial portion of the other party's assets, and, with respect to any event set forth in clauses (iii) through (vi) above, such position, placement, order, levy or attachment is not dismissed or removed within 30 days from the date of such event.","8. CONFIDENTIALITY. [PARTY_A] and Distributor agree that all Confidential Information furnished to a party or its Affiliates, employees, consultants, and advisors in connection with this Agreement will be subject to and the parties' rights and obligations with respect to such Confidential Information shall be governed by the Confidentiality Agreement.","1. **Limitation on Liability**: ""WITHOUT AFFECTING STRICT PRODUCT LIABILITY UNDER MANDATORY APPLICABLE LAW, SECTION 10, OR THE RESPECTIVE OBLIGATIONS OF THE PARTIES UNDER THE CONFIDENTIALITY AGREEMENT AND EXCEPT FOR BREACHES ASSOCIATED WITH THE UNAUTHORIZED USE OF INTELLECTUAL PROPERTY, IN NO EVENT SHALL EITHER PARTY BE LIABLE TO THE OTHER PARTY FOR SPECIAL, INCIDENTAL, CONSEQUENTIAL, PUNITIVE OR TORT DAMAGES, INCLUDING WITHOUT LIMITATION, ANY DAMAGES RESULTING FROM LOSS OF USE, LOSS OF DATA, LOSS OF PROFITS OR LOSS OF BUSINESS ARISING OUT OF OR IN CONNECTION WITH THE MATTERS CONTEMPLATED BY THIS AGREEMENT, WHETHER OR NOT A PARTY HAS BEEN ADVISED OF THE POSSIBILITY OF SUCH DAMAGES.""

2. **Liability Cap**: ""Without affecting Section 10 or the respective obligations of the parties under the Confidentiality Agreement and except for any liability (i) relating to any breach associated with the unauthorized use of Intellectual Property, (ii) arising from the intentional breach or willful misconduct of a party, or (iii) arising from the non-compliance with any mandatory applicable law or regulation, the total aggregate liability of one party to another party for any claim relating to any breach of this Agreement (or any Purchase Order or other agreement entered into in connection with this Agreement) (a ""Claim"") shall be limited to the aggregate amount of the purchase prices paid by Distributor to [PARTY_A] for Products pursuant to this Agreement (or any Purchase Order or other Agreement entered into in connection with this Agreement) during the twelve calendar months preceding the date of the notification to the other party of such Claim less any amounts paid or payable in respect of any other Claim of which the other party was notified during such twelve month period.""

3. **Indemnification Provisions**: ""[PARTY_A] will defend or settle any action brought against Distributor and shall indemnify and hold Distributor harmless from any liability",True,True,64.8
norm_AimmuneTherapeuticsInc_20200205_8-K_EX-10.3_11967170_EX-10.3_Development Agreement,167807,"This License, Development, and Commercialization Agreement between Xencor, Inc. and Aimmune Therapeutics, Inc., effective February 4, 2020, facilitates the development and commercialization of a specific antibody for therapeutic uses. Xencor grants Aimmune exclusive worldwide rights to develop, manufacture, and commercialize the antibody, with Xencor retaining certain intellectual property rights. Aimmune is responsible for development costs, regulatory submissions, and commercialization, including marketing and sales. The agreement stipulates milestone payments from Aimmune to Xencor, alongside royalties on future sales. Key risks involve potential intellectual property disputes and regulatory challenges. Penalties are imposed for late payments and breaches of agreement terms. The agreement can be terminated by either party under conditions such as material breach or bankruptcy. Compliance with applicable laws, including anti-corruption and export control regulations, is mandatory.",126,"**Termination Conditions/Clauses:**

1. **Term and Termination (Article 13):**
   - **Section 13.1 Term:** The Agreement remains effective until the expiration of the Royalty Term for each Product and country unless terminated earlier as specified in the Agreement.
   - **Section 13.2 Termination for Breach:** Either Party may terminate the Agreement if the other Party materially breaches its obligations, with a specified cure period of sixty (60) days, or thirty (30) days in the case of non-payment.
   - **Section 13.3 Termination as a Result of Bankruptcy:** Either Party may terminate the Agreement if the other Party files for bankruptcy or similar proceedings, provided the proceedings are not dismissed within ninety (90) days.
   - **Section 13.4 Termination by Aimmune:** Aimmune may terminate the Agreement at any time for its convenience with sixty (60) days' prior written notice.
   - **Section 13.5 Termination by Xencor:** Xencor may terminate the Agreement under certain conditions specified in Section 9.7.

2. **Effects of Expiration or Termination (Article 14):**
   - **Section 14.1 Licenses:** Upon termination, all rights and licenses granted to Aimmune under the Agreement will terminate. Aimmune may sell remaining inventory for a specified period post-termination under certain conditions.
   - **Section 14.2 Assignments:** Specific obligations are outlined for Aimmune to assign rights and materials to Xencor upon termination.
   - **Section 14.3 Disclosure and Delivery:** Aimmune must transfer certain materials and information to Xencor upon termination.
   - **Section 14.4 Disposition of Commercialization Related Materials:** Obligations for Aimmune to deliver certain commercialization-related materials to Xencor upon termination.
   - **Section 14.5 Accrued Rights and Section 14.","**Confidential Information Definitions:**
""Confidential Information"" means all Know-How and other information and materials received by either Party from the other Party or its Affiliates pursuant to this Agreement.

**Obligations to Maintain Confidentiality:**
The Parties agree that during the Term, and for a period of [***] ([***]) years thereafter, a Party receiving Confidential Information of the other Party will (X) maintain in confidence such Confidential Information to the same extent such Party maintains its own proprietary information of similar kind and value, and, in any event, no less than a reasonable standard of care, (Y) not disclose such Confidential Information to any Third Party without the prior written consent of the other Party, except as otherwise expressly permitted below, and (Z) not use such Confidential Information for any purpose except those permitted by this Agreement.

**Non-disclosure Requirements:**
The receiving Party shall have the right to disclose any Confidential Information provided by the other Party hereunder if, in the reasonable opinion of the receiving Party's legal counsel, such disclosure is necessary to comply with the terms and conditions of this Agreement, or the requirements of any law or rule imposed by the U. S. Securities and Exchange Commission or any securities exchange or other Applicable Law, but only to the extent of such necessity or requirements; and no such disclosure shall cause any such information to cease to be Confidential Information hereunder, except to the extent such disclosure results in a public disclosure of such information.

**Exceptions to Confidentiality:**
The foregoing obligations and the other obligations set forth in this Section 12.1 shall not apply with respect to any portion of such Confidential Information which:
(a) is publicly disclosed by the disclosing Party, either before or after it becomes known to the receiving Party;
(b) was known to the receiving Party or any or its Affiliates, without any obligation to keep it confidential, prior to when it was received from the disclosing Party;
(c) is subsequently disclosed to","**Article 11 Indemnification**

11.1 Indemnification by Xencor. Xencor hereby agrees to save, indemnify, defend and hold Aimmune, its Affiliates, and their respective directors, officers, agents and employees harmless from and against any and all losses, damages, liabilities, costs and expenses (including reasonable attorneys' fees and expenses) (collectively, ""Losses"") arising in connection with any and all charges, complaints, actions, suits, proceedings, hearings, investigations, claims, demands, judgments, orders, decrees, stipulations or injunctions by a Third Party (each a ""Claim"") resulting or otherwise arising from (i) any breach by Xencor of any of its representations, warranties, covenants or obligations pursuant to this Agreement, (ii) the Development, Manufacturing, Commercialization (if applicable, after the Term) or the performance of a Clinical Trial for the Antibody or Product conducted by or on behalf of Xencor (or its Affiliates, licensees (other than Aimmune and its Affiliates and Sublicensees), sublicensees, or independent contractors), prior to the Effective Date or after the Term, provided that this Section (ii) is not intended to extend to strict liability Claims relating to the Product, (iii) [***], and (iv) the negligence or willful misconduct by Xencor or its Affiliates, licensees, sublicensees or subcontractors or their respective officers, directors, employees, agents or consultants in performing any obligations under this Agreement, in each case except to the extent that such Losses are subject to indemnification by Aimmune pursuant to Section 11.2.

11.2 Indemnification by Aimmune. Aimmune hereby agrees to save, indemnify, defend and hold Xencor, its Affiliates, and their respective directors, agents and employees harmless from and against any and all Losses arising",True,True,112.16
norm_AIRSPANNETWORKSINC_04_11_2000-EX-10.5-Distributor Agreement,68983,"This Distributor Agreement between Airspan Networks Incorporated and GLS LLC, effective as of March 31, 2000, appoints GLS LLC as the exclusive distributor of Airspan's telecommunications products within a specified territory. GLS LLC is tasked with marketing, sales, and support activities, maintaining inventory, and providing installation services, while Airspan provides technical assistance and training. Financial terms are based on the difference between the purchase price from Airspan and the selling price to customers. Risks include potential market competition and intellectual property disputes, with specific compliance required for software licensing and export controls. The agreement outlines penalties for breach, including termination rights for material non-compliance. Termination can occur with 30 days' notice for breach or immediately under certain conditions, such as bankruptcy or insolvency of GLS LLC.",126,"13. TERM AND TERMINATION. ===

13.1 This Agreement shall remain in effect for sixty (60) months from the Effective Date (the ""Initial Term""). After the Initial Term, the term of the Agreement may be extended by a further period of five (5) years by mutual written agreement by the parties in the form of an amendment to this Agreement. If Distributor wishes to extend the term of the Agreement beyond the Initial Term, it must notify Airspan in writing at least six (6) months prior to then end of the Initial Term. However, nothing contained herein shall be interpreted as requiring either party to renew or extend this Agreement. Notwithstanding the provisions of this section or of any other provisions of this Agreement, this Agreement may be terminated prior to the expiration of its stated term as set forth below.

13.2 Either party may terminate this Agreement at any time during the term of this Agreement if either party fails materially to comply with any covenant, term, or provision of this Agreement, by written notice given to the other party not less than thirty (30) days prior to the effective date of such termination. Either party's right to terminate this Agreement under this Section 13.2 may not be exercised unless said party shall have given the other party written notice of the failure, and the other party has not cured the failure within the thirty (30) day period following notice from said party.

13.3 This Agreement terminates automatically for just cause, with no further act or action of either party if: (a) a receiver is appointed for Distributor or its property; (b) Distributor&sbsp;makes an assignment for the benefit of its creditors; (c) any proceedings are commenced by, for, or against Distributor under any bankruptcy, insolvency, or debtor's relief law; or (d) Distributor is liquidated, dissolved, or otherwise terminates its activities.

13.4 In the event of termination by either party for any reason,","### Confidential Information and Trade Secrets

**Section 10: CONFIDENTIAL INFORMATION AND TRADE SECRETS**

10.1 In this Agreement, the term ""Confidential Information"" shall mean the information of Airspan disclosed to Distributor in connection with its performance under this Agreement, which is in written, recorded, photographic, machine-readable, or other physical form or oral information reduced to writing as soon as practicable after disclosure to Distributor, and which is conspicuously marked ""Confidential"", ""Proprietary"", ""Private"", or in any other manner indicating its confidential and/or proprietary nature. Without limitation, Confidential Information includes: (1) Airspan's software products, materials, data reports, programs, documentation, diagrams, and all related technical information; (2) all information relating to Airspan's business and products which is critical to Airspan's position in the marketplace, including future plans of Airspan relating to the fields of endeavor in which Distributor performs services for Airspan, the nature of certain work projects to which Distributor is exposed, and the identity of persons working on those projects; and (3) any improvements, enhancements, or modifications to the above made by or on behalf of Airspan during the performance under this Agreement which are provided, made available, or disclosed by or on behalf of Airspan to Distributor, or used by Airspan or any of Airspan's other Distributors in connection with their own sales activities.

10.2 Trade secrets are confidential information that includes ideas, concepts, techniques, processes, inventions, knowledge, and know-how developed by Airspan which: (1) derives independent economic value, actual or potential, from not being generally known to, and not being readily ascertainable by proper means by, other persons who can obtain economic value from its disclosure or use; and (2) is subject to the efforts of Airspan that are reasonable under the circumstances to maintain its secrecy.

10.3 Distributor covenants and agrees","16. LIMITATION OF LIABILITY. ===

16.1 WITHOUT PREJUDICE TO SECTION 16.4, NEITHER Airspan, NOR ANY OF ITS OFFICERS, DIRECTORS, EMPLOYEES, AGENTS, REPRESENTATIVES, SHAREHOLDERS, OR AFFILIATES (Airspan AND SUCH OTHER PERSONS, THE ""Airspan PARTIES""), SHALL HAVE ANY LIABILITY TO DISTRIBUTOR FOR LOSS OF PROFITS, INCOME, REVENUE OR DATA, OR INCIDENTAL, CONSEQUENTIAL, INDIRECT OR PUNITIVE DAMAGES OR LOSSES, ARISING FROM OR IN CONNECTION WITH THIS AGREEMENT, ANY PURCHASE ORDER PLACED PURSUANT TO THIS AGREEMENT OR ANY OTHER COLLATERAL CONTRACT, OR FROM OR IN CONNECTION WITH THE EQUIPMENT OR THE SOFTWARE OR THE USE THEREOF OR THE INABILITY TO USE THEM EITHER SEPARATELY OR IN COMBINATION WITH OTHER EQUIPMENT OR SOFTWARE, OR FROM ANY OTHER CAUSE, WHETHER CAUSED BY NEGLIGENCE, BREACH OF CONTRACT, STRICT LIABILITY, BREACH OF WARRANTY, ON GROUNDS OF FAILURE OF ESSENTIAL PURPOSE OR OTHERWISE.

16.2 Without prejudice to Sections 16.3 and 16.4, the liability of the Airspan Parties, taken as a whole, for each event or series of connected events arising out of or in connection with this Agreement, any purchase order placed pursuant to this Agreement, or any other collateral contract, or from or in connection with the Equipment or Software or the use thereof, or the inability to use them either separately or in combination with other equipment or software, or from any other cause, whether caused by negligence, breach of contract, strict liability, breach of warranty, on grounds of failure of essential purpose, or otherwise, shall in no circumstance exceed the total amount payable by Distributor to Airspan under this Agreement for the provision of the Equipment or Software which gave rise to the loss or damage or in connection with which the loss or damage was incurred.",True,True,65.05
norm_ALAMOGORDOFINANCIALCORP_12_16_1999-EX-1-AGENCY AGREEMENT,113946,"This Agency Agreement between Alamogordo Financial Corporation, AF Mutual Holding Company, Alamogordo Federal Savings and Loan Association (collectively referred to as ""the Company""), and Charles Webb & Company (the ""Agent"") outlines the terms for offering up to 1,101,643 shares of common stock at $10.00 per share. The Company is responsible for issuing shares and ensuring compliance with regulatory requirements, while the Agent is tasked with advising and assisting in the distribution of shares, including managing the Stock Information Center and preparing marketing materials. Key risks involve failure to sell the minimum required shares, leading to termination of the agreement and refund obligations. The Agent receives a management fee and a success fee, with additional compensation for unsold shares through a syndicated community offering. Termination clauses include failure to meet sales minimums and material breaches, with specific indemnification responsibilities outlined for both parties.",142,"The obligations of the Agent pursuant to this Agreement (other than those set forth in Sections 2(d), 8 and 9 hereof) shall terminate upon the completion or termination or abandonment of the Plan by the Company or upon termination of the Offering, but in no event later than the date (the ""End Date"") which is 45 days after the Closing Date (as hereinafter defined). All fees or expenses due to the Agent but unpaid will be payable to the Agent in next day funds at the earlier of the Closing Date (as hereinafter defined) or the End Date. In the event the Offering is extended beyond the End Date, the Company, the MHC, the Bank and the Agent may agree to renew this Agreement under mutually acceptable terms.

In the event the Company is unable to sell a minimum of 708,050 Shares within the period herein provided, this Agreement shall terminate and the Company shall refund to any persons who have subscribed for any of the Shares, the full amount which it may have received from them plus accrued interest as set forth in the Prospectus; and none of the parties to this Agreement shall have any obligation to the other parties hereunder, except as set forth in this Section 2 and in Sections 6, 8 and 9 hereof.

The Agent may terminate this Agreement by giving the notice indicated below in this Section 11 at any time after this Agreement becomes effective as follows:

(a) In the event the Company fails to sell the required minimum number of the Shares by _________, 2000, and in accordance with the provisions of the Plan or as required by the MHC Regulations, and applicable law, this Agreement shall terminate upon refund by the Company to each person who has subscribed for or ordered any of the Shares the full amount which it may have received from such person, together with interest as provided in the Prospectus, and no party to this Agreement shall have any obligation to the other hereunder, except for payment",,"Section 8. Indemnification.

(a) The Company, the MHC and the Bank jointly and severally agree to indemnify and hold harmless the Agent, its respective officers and directors, employees and agents, and each person, if any, who controls the Agent within the meaning of Section 15 of the 1933 Act or Section 20(a) of the 1934 Act, against any and all loss, liability, claim, damage or expense whatsoever (including but not limited to settlement expenses), joint or several, that the Agent or any of them may suffer or to which the Agent and any such persons may become subject under all applicable federal or state laws or otherwise, and to promptly reimburse the Agent and any such persons upon written demand for any expense (including reasonable fees and disbursements of counsel) incurred by the Agent or any of them in connection with investigating, preparing or defending any actions, proceedings or claims (whether commenced or threatened) to the extent such losses, claims, damages, liabilities or actions: (i) arise out of or are based upon any untrue statement or alleged untrue statement of a material fact contained in the Registration Statement (or any amendment or supplement thereto), preliminary or final Prospectus (or any amendment or supplement thereto), the MHC Application (or any amendment or supplement thereto), or any instrument or document executed by the Company, the MHC or the Bank or based upon written information supplied by the Company, the MHC or the Bank filed in any state or jurisdiction to register or qualify any or all of the Shares or to claim an exemption therefrom, or provided to any state or jurisdiction to exempt the Company as a broker-dealer or its officers, directors and employees as broker-dealers or agent, under the securities laws thereof (collectively, the ""Blue Sky Application""), or any document, advertisement, oral statement or communication (""Sales Information"") prepared, made or executed by or on behalf of the Company, the M",True,True,63.73
norm_ALCOSTORESINC_12_14_2005-EX-10.26-AGENCY AGREEMENT,11364,"This Agency Agreement between General Electric Capital Corporation (Lessor) and Duckwall-Alco Stores, Inc. (Company) dated November 9, 2005, facilitates the leasing of equipment under a Master Lease Agreement. The Company is appointed as Lessor's agent to order, receive, and accept equipment on Lessor's behalf from suppliers, without any fee for acting as such. The Company must adhere to specified Economic Terms, including a maximum aggregate capitalized cost of $14,500,000 and ensure all equipment meets the agreed descriptions and value limits. Key risks involve the Company's compliance with the authority limits and conditions set by the Lessor, with penalties including immediate termination of the agreement for any default under the Lease or this Agreement. Termination can occur with a 30-day written notice by either party, provided no default exists.",128,"(a) So long as no default exists and is continuing hereunder or under the Lease, either party may terminate this Agreement at any time upon thirty (30) days written notice to the other party; provided however that such termination shall not act as a termination of any Equipment leased hereunder.

(b) In the event the Company is in default hereunder or under the Lease, Lessor may elect to terminate this Agreement immediately, which shall be effective upon the receipt of written notice thereof by the Company.

(c) Any termination under this Section 3.01 shall automatically result in the immediate revocation of all authority vested in the Company under this Agreement to order, accept or pay for any Equipment on behalf of Lessor.",,,True,True,17.03
norm_AzulSa_20170303_F-1A_EX-10.3_9943903_EX-10.3_Maintenance Agreement1,225354,"This Global Maintenance Agreement between AZUL LINHAS AÃ‰REAS BRASILEIRAS S/A and AVIONS DE TRANSPORT REGIONAL, G. I. E., effective from March 9, 2015, outlines the maintenance services for AZUL's aircraft fleet. AZUL is required to provide access to aircraft and components, comply with maintenance schedules, and handle customs clearances. AVIONS DE TRANSPORT REGIONAL is tasked with performing scheduled and unscheduled maintenance, managing spare parts, and ensuring service availability. The agreement includes financial terms based on flight hours and maintenance cycles, with provisions for adjustments based on operational changes or economic conditions. Risks involve potential delays in parts delivery and penalties for non-compliance with maintenance schedules. Termination can occur with notice for breach or under mutually agreed conditions, with specific financial reconciliations required upon termination. Compliance with export control laws and confidentiality is mandatory.",133,"Termination conditions and clauses extracted from the contract text:

1. **Termination Events (Clause 16.1)**: Either party may terminate the agreement due to:
   - Insolvency or liquidation of the other party.
   - Default by the other party that is not remedied within a specified period after receiving a notice specifying the failure and requiring remedy.

2. **Excusable Delay (Clause 16.1.c)**: The agreement may be terminated if an excusable delay event lasts for more than a specified period.

3. **Suspension Procedure (Clause 16.3)**: In the event of a company's default, the repairer may suspend all or part of the agreement by issuing a notice of suspension specifying the services for which the suspension is effective.

4. **Termination Procedure (Clause 16.4)**: Termination becomes effective upon receipt by the relevant party of a notice of termination from the other party, without needing further action or consent.

5. **Early Termination Fee (Clause 16.5)**: The company may terminate the agreement for convenience by issuing a notice of termination, subject to an early termination fee.

6. **Consequences of Termination (Clause 16.6)**:
   - Outstanding payments and legal fees must be settled.
   - Return or repossession of items from the company.
   - Indemnification for losses incurred due to default.

7. **Conditions Precedent (Clause 17)**: The repairer's obligations are subject to certain conditions being met by the company, including the availability of a security deposit and signed statements of the status of each main element.

These clauses outline the conditions under which the contract may be terminated, the rights and obligations of the parties upon termination, and specific procedures and consequences associated with termination.","**Confidentiality Clause:**

**20. CONFIDENTIALITY**

20.1 Confidentiality obligations

Unless otherwise provided in this Agreement, any Confidential Information released by either of the Parties (the ""Disclosing Party"") to the other Party (the ""Receiving Party"") shall not be released in whole or in part to any third party.

In particular, the Receiving Party undertakes:
- to keep the Confidential Information strictly confidential, not to deliver, disclose or publish it to any third party including subsidiary companies and companies having an interest in its capital, except as otherwise agreed in writing by the Disclosing Party;
- to use the Confidential Information solely for the purpose of this Agreement and except as otherwise expressly agreed in writing by the Disclosing Party, not to use the same or permit its use for any other purpose;
- to disclose the Confidential Information only to those of its direct employees having a need to know such Confidential Information in order to make permitted use thereof, after having beforehand clearly informed such employees of the strictly confidential nature of the Confidential Information and caused them to observe said conditions of confidentiality. The Receiving Party shall be responsible for the correct performance of said obligations of confidentiality by its employees and shall keep up to date the list of its personnel, to whom Confidential Information is communicated, which list shall be made available to the Disclosing Party at its request;
- not to duplicate the Confidential Information nor to copy or reproduce the same beyond the purpose of the Agreement;
- not to disclose Confidential Information to any third party, unless such third party is acting at the instruction of the Receiving Party and such disclosure is reasonably necessary to accomplish the purpose of the Agreement, provided however, that prior to any such disclosure both of the following conditions are satisfied:
  (i) each of such third parties, shall have signed an acknowledgement to keep such Confidential Information as strictly confidential; and,
  (ii) the Receiving Party shall have obtained written prior approval of the Disclosing Party of such proposed disclosure","### Liability and Indemnity Provisions:

**Clause 15 - LIABILITY AND INDEMNITY**
15.1 SUBJECT TO CLAUSE 15.2 BELOW, THE REPAIRER, SHALL NOT BE LIABLE TO THE COMPANY FOR ANY OF THE FOLLOWING TYPES OF LOSS OR DAMAGE ARISING UNDER OR IN RELATION TO THIS AGREEMENT (WHETHER ARISING FOR BREACH OF CONTRACT, TORT (INCLUDING NEGLIGENCE), BREACH OF STATUTORY DUTY, MISREPRESENTATION OR OTHERWISE):

[*****]

[*****] 15.2 NOTHING IN THIS AGREEMENT SHALL EXCLUDE OR RESTRICT ANY LIABILITY [*****] OF THE REPAIRER FOR DEATH OR PERSONAL INJURY ARISING OUT OF NEGLIGENCE OR MISCONDUCT,, OR FOR ANY OTHER LIABILITY WHICH CANNOT BE EXCLUDED OR LIMITED BY LAW. 15.3 WITHOUT PREJUDICE TO CLAUSES 15.1 AND 15.2, THE COMPANY SHALL, EXCEPT IN CASE OF GROSS NEGLIGENCE OR WILFUL MISCONDUCT OF THE REPAIRER, BE LIABLE FOR AND SHALL INDEMNIFY AND HOLD HARMLESS THE REPAIRER INDEMNIFIED PARTIES FROM AND AGAINST ALL LIABILITIES, CLAIMS, DAMAGES, LOSSES, SUITS, ACTIONS, PROCEEDINGS, JUDGEMENTS, COSTS AND EXPENSES INCIDENT THERETO (INCLUDING LEGAL EXPENSES AND ATTORNEY FEES INCIDENT THERETO OR INCIDENT TO SUCCESSFULLY ESTABLISHING THE RIGHT TO INDEMNIFICATION), FOR INJURY TO OR DEATH OF ANY PERSON AND/OR FOR LOSS OF OR DAMAGE TO ANY PROPERTY AND/OR FOR LOSS OF USE THEREOF ARISING (INCLUDING THE AIRCRAFT), CAUSED BY OR IN ANY WAY CONNECTED TO THE PERFORMANCE OF THIS AGREEMENT.

### Disclaimer of Warranties:

**Clause 14 - DISCLAIMER**
TO THE EXTENT PERMITTED BY LAW, THE TERMS AND CONDITIONS SET OUT IN THIS AGREEMENT",True,True,133.92
norm_BANGIINC_05_25_2005-EX-10-Premium Managed Hosting Agreement,1982,"This Premium Managed Hosting Agreement between Astro Nutrition.com and Deep Systems establishes managed hosting services for a 12-month period starting March 1, 2005. Deep Systems is obligated to manage Astro Nutrition's SMTP, IMAP, DNS, SQL database, and HTTP server software, including regular off-site backups and integration of software updates. They must also provide 24/7 emergency phone support and one-business-day email response for non-critical issues, with a 99 percent server uptime guarantee. Astro Nutrition must pay a monthly fee of $175, which covers up to 10 GB of bandwidth, with additional usage charged at $20 per GB. Key risks include potential server downtime, with penalties not explicitly stated but implied by the uptime guarantee. Termination details are not specified. Additional services such as project management and custom software development are available at $55 CAD per hour.",135,,,,False,True,12.29
"norm_BELLICUMPHARMACEUTICALS,INC_05_07_2019-EX-10.1-Supply Agreement",188430,"This Supply Agreement between Miltenyi Biotec GmbH and Bellicum Pharmaceuticals, effective as of March 27, 2019, outlines the terms for Miltenyi to supply specific biotechnological products to Bellicum. Miltenyi is responsible for manufacturing and delivering these products in compliance with agreed standards and applicable laws, while Bellicum is tasked with making timely payments and providing accurate forecasts for product demand. The agreement includes provisions for handling intellectual property, confidentiality, and indemnification. Key risks involve potential breaches of contract terms, intellectual property disputes, and supply disruptions due to unforeseen events, with stipulated penalties for non-compliance and mechanisms for dispute resolution. Termination can occur under conditions such as material breach or insolvency. The agreement is governed by New York law and includes clauses for amendments, severability, and assignment.",126,"15.1 Term. This Agreement shall enter into force on the Effective Date. The Agreement shall have an initial term of ten (10) years commencing from the Effective Date and ending on the tenth (10th) anniversary thereof (the ""Initial Term""), unless earlier terminated by either Party in accordance with the provisions of Section 15.2 or Section 15.3. Thereafter, Bellicum shall have consecutive separate options to extend the Term for successive renewal terms of five (5) years each (each, a ""Renewal Term"", and collectively with the Initial Term, the ""Term""). Provided Bellicum is not then in default with its material obligations hereunder, Bellicum may exercise each such renewal option by giving written notice to Miltenyi not later than six (6) months prior to the expiration of the current Term.

15.2 Termination for Cause. Notwithstanding Section 15.1 either Party may, in addition to any other remedies available to it under this Agreement or by law, terminate this Agreement or any particular Module as follows:

(a) Termination for Material Breach. A Party may terminate this Agreement or a particular Module by providing written notice to the other Party describing the other Party's material breach and demanding its cure, in the event that the other Party materially breaches a material provision of this Agreement or such Module and fails to cure such breach within thirty (30) days of receipt of such notice of the breach or, if the breach is not susceptible to cure within such thirty (30) day period, if the breaching Party fails to submit to the notifying Party and implement within such thirty (30) day period a written remedial action plan reasonably satisfactory to the notifying Party that sets out appropriate corrective action for remedying such breach promptly after such 30-day period expires.

(b) Termination for Bankruptcy or Insolvency. A Party may terminate this Agreement upon thirty (30) days' written notice to the other Party in the","**Confidential Information Definition and Non-Disclosure Requirements:**
""Confidential Information"" means any information disclosed by one Party (the ""Disclosing Party"") to the other Party (the ""Receiving Party"") pursuant to this Agreement which is (a) in written, graphic, machine readable or other tangible form and is marked ""Confidential"", ""Proprietary"" or in some other manner to indicate its confidential nature, or (b) oral information disclosed pursuant to this Agreement, provided that such information is designated as confidential at the time of disclosure and reduced to a written summary by the Disclosing Party, within thirty (30) calendar days after its oral disclosure, which is marked in a manner to indicate its confidential nature and delivered to the Receiving Party.

**Obligations to Maintain Confidentiality:**
During the Term and for five (5) years thereafter, each of Miltenyi and Bellicum shall keep Confidential Information of the other Party in strict confidence and shall not (i) use the other Party's Confidential Information for any use or purpose except as expressly permitted under this Agreement, the Quality Agreement or as otherwise authorized in writing in advance by the other Party, or (ii) disclose the other Party's Confidential Information to anyone other than those of its Affiliates, Subcontractors, directors, officers, employees, agents, contractors, collaborators and consultants, and in the case of Bellicum, its Licensees (collectively, ""Authorized Representatives"") who need to know such Confidential Information for a use or purpose expressly permitted under this Agreement.

**Exceptions to Confidentiality:**
A Receiving Party shall have no obligations under this Article 14 with regard to any information of the Disclosing Party which the Receiving Party can demonstrate through competent proof: (a) was generally known and available in the public domain at the time it was disclosed to the Receiving Party or becomes generally known and available in the public domain through no act or omission of the Receiving","**Limitation of Liability:**
""EXCEPT AS EXPRESSLY SET FORTH IN THIS AGREEMENT, NEITHER PARTY MAKES ANY REPRESENTATIONS OR EXTENDS ANY WARRANTIES OF ANY KIND, EITHER EXPRESS OR IMPLIED, AND EACH PARTY EXPRESSLY DISCLAIMS ALL IMPLIED WARRANTIES OF MERCHANTABILITY AND OF FITNESS FOR A PARTICULAR PURPOSE OR USE, NON- INFRINGEMENT, VALIDITY AND ENFORCEABILITY OF PATENTS, OR THE PROSPECTS OR LIKELIHOOD OF DEVELOPMENT OR COMMERCIAL SUCCESS OF PRODUCT.""

""IN NO EVENT SHALL A PARTY BE LIABLE FOR ANY PUNITIVE, EXEMPLARY, INDIRECT, INCIDENTAL, SPECIAL, OR CONSEQUENTIAL DAMAGES OR EXPENSES, INCLUDING LOSS OF PROFITS, REVENUE, DATA, OR USE, WHETHER IN AN ACTION IN CONTRACT OR TORT (INCLUDING ERRORS OR OMISSIONS OR BREACH OF WARRANTY), EVEN IF SUCH PARTY HAS BEEN ADVISED OF THE POSSIBILITY OF SUCH DAMAGES.""

""EACH PARTY'S MAXIMUM LIABILITY FOR ANY DAMAGES FOR BREACH OF THIS AGREEMENT SHALL BE LIMITED TO DIRECT AND ACTUAL DAMAGES. IN NO ONE EVENT SHALL EITHER PARTY'S AGGREGATE LIABILITY FOR DAMAGES OR LOSSES UNDER THIS AGREEMENT EXCEED THE AGGREGATE AMOUNT OF THE PRODUCT PRICES PAID BY BELLICUM FOR THE MILTENYI PRODUCT(S) DURING THE TWELVE (12) MONTH PERIOD IMMEDIATELY PRECEDING THE EVENT GIVING RISE TO SUCH LIABILITY; AND FURTHER PROVIDED THAT SUCH AGGREGATE LIABILITY DURING SUCH PERIOD ALSO SHALL NOT EXCEED THE AMOUNT OF SUCH PARTY'S INSURANCE COVERAGE FOR SUCH AGGREGATE LIABILITY.""

**Indemnification:**
""Miltenyi will save, defend and hold harmless Bellicum, its Licensees and Subcontractors and their respective officers, directors, employees, consultants and agents (collectively, ""Bellicum Indemnitees"") from and against any and all liability, damage, loss",True,True,110.34
norm_BellringBrandsInc_20190920_S-1_EX-10.12_11817081_EX-10.12_Manufacturing Agreement2,2280,"This Amendment No. 1 to the Manufacturing Agreement between Stremick's Heritage Foods, LLC (""Heritage"") and Premier Nutrition Corporation (""Premier"") modifies the original agreement dated July 1, 2017. Effective as of June 11, 2018, the amendment primarily adjusts the Minimum Annual Order Volume (MAOV) obligations for Premier. Under the new terms, Premier is required to purchase specified units of product from Heritage, with the amounts and periods clearly defined, starting from July 1, 2018, through December 31, 2022. This includes contingent obligations based on the commercial aseptic production capabilities and necessary approvals of Heritage's facilities. Key risks involve potential failure to meet the specified MAOV, which could impact the contractual relationship. Except for the changes specified in this amendment, all other terms of the original agreement remain unchanged. The amendment ensures continuity and adherence to the modified supply commitments by both parties.",141,,,,False,True,11.26
norm_BEYONDCOMCORP_08_03_2000-EX-10.2-CO-HOSTING AGREEMENT,50502,"This Co-Hosting Agreement between Networks Associates, Inc. (NAI) and Software.Net Corporation (Co-Host) establishes a partnership for marketing and selling software products online. NAI grants Co-Host exclusive online selling rights for specific software at designated internet locations, with Co-Host maintaining a hot link to these locations. Co-Host is responsible for providing non-infringing, lawful advertising materials and managing the destination site. Key financial terms include a Co-Hosting Fee with specific payment schedules and conditions based on revenue targets. Risks involve potential intellectual property disputes and obligations under confidentiality clauses. Penalties for breach include equitable relief and specific performance obligations. The agreement allows termination under conditions such as material breach or insolvency, with immediate financial obligations for outstanding payments. Compliance with applicable laws, especially in advertising and trademark usage, is mandatory for both parties.",131,"(a) Term. This Agreement will commence on the Effective Date, and will terminate on the third anniversary of the Effective Date (the ""Term""), unless earlier terminated as provided in this Agreement.

(b) Termination. A party may terminate this Agreement immediately: (i) if the other party engages in any material unlawful business practice and such practice continues uncured thirty (30) days following written notice thereof, (ii) if the other party fails to perform any material obligation, (which shall include, without limitation, the payment obligations hereunder and compliance with the Uptime Requirements in respect of the Originating Locations) or violates any material restriction contained in this Agreement and such failure continues uncured thirty (30) days following written notice thereof, (iii) by such party if that certain Web Site Services Agreement between NAI and Co-Host dated of even date herewith (the ""Web Site Services Agreement"") or the ESD Agreement is terminated by the other party, (iv) if a receiver is appointed for the other party or its property, (v) if the other party makes an assignment for the benefit of creditors, (vi) if the other party becomes the subject of any proceeding under any bankruptcy, insolvency or debtor's relief law, (vii) upon ninety (90) days prior notice in writing by Co-Host at any time after June 30, 2000, if the term of the Web Site Services Agreement has not been renewed for an additional term of one (1) year or more pursuant to its terms or (viii) if the party terminates the Web Site Services Agreement by reason of the other party's material default thereunder.

(c) Effect of Termination. Upon the effective date of the termination, all outstanding invoices and other invoicable amounts will become due and payable. Co-Host's contractual right to the marketing consideration shall cease immediately upon the effective date of the termination. Termination or expiration of this Agreement if by reason of material breach by","=== 7. CONFIDENTIALITY. Confidential Information disclosed by either party in writing and marked as ""confidential,"" proprietary"" or the like (or disclosed verbally if a written summary is provided within thirty days), including any information relating to such party's research, development, proprietary technology, product and marketing plans, finances, personnel and business opportunities will be considered confidential information. Each party will not use the other party's confidential information except as required to achieve the objectives of this Agreement and will not disclose such confidential information except to employees, agents and contractors who have a need to know in the discharge of their duties under this Agreement. Such restrictions will not apply to information that becomes public knowledge other than through the disclosing party, is independently developed by the non-disclosing party, or is lawfully required to be disclosed by any governmental agency or otherwise required to be disclosed by law. ===

Neither party will make any disclosure of, or statement covering, the terms of this Agreement, including the financial terms, to any third parties (other than its attorneys, accountants and professional consultants), without obtaining the other's prior written consent, except as required by court order or applicable regulatory authorities, including without limitation, the rules and regulations of the Securities and Exchange Commission, any stock exchange and the NASDAQ. The parties agree that under their current understanding, disclosure of the financial terms of this Agreement is not required under the foregoing rules and regulations. The obligations of this Section 7 shall survive the termination of this Agreement, under any circumstances. The parties shall make a joint press release announcing the relationship, the timing and content of which shall be subject to the mutual agreement of the parties.","=== 9. REPRESENTATIONS, WARRANTIES AND INDEMNIFICATION. ===

(a) Co-Host represents and warrants to NAI that Co-Host has all right, title, ownership interest and/or marketing rights necessary to provide the advertising materials to NAI, to perform its obligations hereunder and to operate the Destination. Each party further represents and warrants to the other that it has not entered into any agreements or commitments which are inconsistent with or in conflict with the rights granted or obligations incurred by the representing party in this Agreement. Co-Host further represents and warrants that the advertising materials supplied hereunder do not infringe any Covered Country (hereinafter defined) copyright, trademark, or trade secret right. Co-Host agrees that, if notified promptly in writing and given sole control of the defense and all related settlement negotiations, it will defend NAI, its employees, officers and agents, against any claim based on an allegation that (i) advertising materials supplied hereunder infringes a Covered Country patent, copyright, trademark or state trade secret right, or (ii) Co-Host violated any law, statute or ordinance or any governmental or administrative order, rule or regulation with regard to the advertising materials, the operation of the Destination or the manufacture, possession, distribution, use or sale of the Goods. Co-Host will pay any resulting costs, damages and attorneys' fees finally awarded by a court, or agreed to in settlement by Co-Host, with respect to any such claims. NAI agrees that, if the advertising materials become, or in Co-Host's opinion are likely to become, the subject of an infringement claim, NAI will permit Co-Host, at Co-Host's option and expense, to, among other things, procure the right for NAI to continue marketing and using the advertising materials, or to replace or modify them so that they become non-infringing.

(b) NAI represents and warrants that NAI has all right, title, ownership interest",True,True,57.93
"norm_BLUEROCKRESIDENTIALGROWTHREIT,INC_06_01_2016-EX-1.1-AGENCY AGREEMENT",133066,"This Agency Agreement between Bluerock Residential Growth REIT, Inc. and Compass Point Research & Trading, LLC facilitates the issuance and sale of 400,000 shares of 8.250% Series A Cumulative Redeemable Preferred Stock by Bluerock Residential Growth REIT, Inc. The Company is solely responsible for compliance with share issuance limitations, while the Agent is tasked with acting as the sales agent. The agreement stipulates that the net proceeds from the sale of shares will be contributed to Bluerock Residential Holdings, L.P. in exchange for equivalent Series A Preferred OP Units. Key risks include non-compliance with share issuance limits and potential market fluctuations affecting share value. Penalties for non-compliance are not explicitly detailed but could involve legal and financial repercussions. The agreement can be terminated under conditions such as breach of obligations or mutual consent, with specific financial terms outlined for completed work upon termination.",143,,,,False,True,31.8
"norm_CANOPETROLEUM,INC_12_13_2007-EX-10.1-Sponsorship Agreement",8903,"This Sponsorship Agreement between R.C. Boyd Enterprises, LLC (""Company"") and Cano Petroleum, Inc. (""Sponsor"") establishes Cano as the lead sponsor for the television production ""Honey Hole."" Under the agreement, the Company must produce at least forty original episodes annually, feature Cano's branding prominently, and include Cano-designated guests in multiple episodes. Cano, in return, must provide pre-produced promotional materials and pay the Company $150,000 in quarterly installments. Key risks involve potential failure to meet production requirements and payment defaults, with penalties including possible agreement termination by the Company after a ten-day notice of payment default. The agreement is governed by Texas law, with specific provisions for notice requirements, force majeure events, and cumulative rights. Termination is outlined for non-compliance, with the agreement set for a one-year term, subject to renewal under agreed terms.",132,"""If Cano fails to make any payment when required by this Agreement, the Company shall have the option of canceling this Agreement following the passage of ten (10) days after having given Cano written notice of its default. While the Company shall have no further obligation to Cano following cancellation of the Agreement, Cano shall remain liable for all unpaid installments for the then current term of the Agreement, which installments shall be immediately due and payable.""",,"16. Exculpatory Clause. The parties agree that Cano will not be liable to the Company or any third party for any injury sustained by the Company, its employees, independent contractors, invitees or any other third party while preparing for, filming or working on post production of any episode.",True,True,17.52
norm_CardlyticsInc_20180112_S-1_EX-10.16_11002987_EX-10.16_Maintenance Agreement1,164653,"This Software License, Customization, and Maintenance Agreement between Bank of America and Cardlytics, Inc. outlines the terms for licensing, customizing, and maintaining software. Cardlytics, Inc. must provide software that meets Bank of America's operational requirements, ensure security and confidentiality, and manage customization requests as per specified schedules. Bank of America is obligated to compensate Cardlytics, Inc. as per the agreed financial terms detailed in the contract schedules. The agreement includes stringent penalties for security breaches, with immediate notification requirements and obligations for Cardlytics, Inc. to cover all related costs. Risks involve potential intellectual property disputes and data security breaches. The agreement allows termination by either party under conditions such as material breach or insolvency. Compliance with specific export laws and financial responsibility clauses are also stipulated.",126,"5.0 TERMINATION

5.1 Bank of America may terminate this Agreement, an Order and/or any Customization Schedule(s) for its convenience, without cause, at any time without further charge or expense upon at least forty-five (45) calendar days prior written notice to Supplier. Termination of one Order shall not cause a termination of this Agreement or any other Order, unless otherwise specified by Bank of America.

5.2 In addition to any other remedies available to either Party, upon the occurrence of a Termination Event (as defined below) with respect to either Party, the other Party may immediately terminate this Agreement, the applicable Order or any Customization Schedule that is subject of the Termination Event by providing written notice of termination. A Termination Event shall have occurred if: (a) a Party materially breaches its obligations under this Agreement, an Order or any Customization Schedule under this Agreement and the breach is not cured within thirty (30) calendar days after written notice of the breach and intent to terminate is provided by the other Party; (b) a Party becomes insolvent (generally unable to pay its debts as they became due) or the subject of a bankruptcy, conservatorship, receivership or similar proceeding, or makes a general assignment for the benefit of its creditors; (c) Supplier either: (i) merges with another entity, (ii) suffers a transfer involving fifty (50%) percent or more of any class of its voting securities or (iii) transfers all, or substantially all, of its assets; (d) in providing services hereunder, Supplier violates any law or regulation governing the financial services Industry, or causes Bank of America to be in material violation of any law or regulation governing the financial services industry; (e) Bank of America has the right to terminate under the Section entitled ""Pricing/Fees""; or (f) a Party attempts to assign this Agreement in breach of the Section entitled ""Non-Assignment."" In the event of","27.0 CONFIDENTIALITY AND INFORMATION PROTECTION

27.1 The term ""Confidential Information"" shall mean this Agreement and all data, trade secrets, business information and other information of any kind whatsoever that a Party (""Discloser"") discloses, in writing, orally, visually or in any other medium, to the other Party (""Recipient"") or to which Recipient obtains access and that relates to Discloser or, in the case of Supplier, to Bank of America or its Representatives, [PARTY_C]s, third-party vendors or licensors. Confidential Information includes Associate Information, [PARTY_C] information and Consumer information, as defined in the Section entitled ''Definitions."" A ""writing"" shall include an electronic transfer of information by e-mail, over the internet or otherwise.

27.2 Supplier acknowledges that Bank of America has a responsibility to its [PARTY_C]s and other consumers using Its services to keep Associate Information, [PARTY_C] Information and Consumer Information strictly confidential. Each of the Parties, as Recipient, hereby agrees that it will not, and will cause its Representatives, consultants, Affiliates and independent contractors not to disclose Confidential Information of the other Party, including Associate Information, [PARTY_C] Information and Consumer Information, during or after the Term of this Agreement, other than on a ""need to know"" basis and then only to: (a) Affiliates of Bank of America; (b) Recipient's employees or officers; (c) Affiliates of Recipient, its independent contractors at any level, agents and consultants, provided that all such persons are subject to a written confidentiality agreement that shall be no less restrictive than the provisions of this Section; (d) pursuant to the exceptions set forth in 15 U. S. C 6802(e) and accompanying regulations, which disclosures are made in the ordinary course of business and (e) as required by law or as otherwise expressly permitted by this Agreement.","28.0 INDEMNITY

28.1 Supplier shall indemnify, defend, and hold harmless Bank of America and its Representatives, successors, permitted assigns and [PARTY_C]s from and against any and all claims or legal actions of whatever kind or nature that are made or threatened by any third party and an related losses, expenses, damages, costs and liabilities, including reasonable attorneysâ€™ fees and expenses incurred in investigation, defense or settlement (""Damages""), which arise out of, are alleged to arise out of, or relate to the following: (a) any negligent act or omission or willful misconduct by Supplier, its Representatives or any Subcontractor engaged by Supplier in the performance of Supplier's obligations under this Agreement; or (b) any breach in a representation, covenant or obligation of Supplier contained in this Agreement.

28.2 Supplier shall defend or settle at its expense any threat, claim, suit or proceeding arising from or alleging infringement, misappropriation or other violation of any Intellectual Property Rights or any other rights of any third party by Products, Work Product or services furnished under this Agreement. Supplier shall indemnify and hold Bank of America, its Affiliates and each of their Representatives, successors, permitted assigns and [PARTY_C]s harmless from and against and pay any Damages, including royalties and license fees attributable to such threat, claim, suit or proceeding.

29.0 LIMITATION OF LIABILITY

29.1 Neither Party shall be liable to the other for any special, indirect, incidental, consequential, punitive or exemplary damages, including, but not limited to, lost profits, even if such Party alleged to be liable has knowledge of the possibility of such damages, provided, however, that the limitations set forth in this Section shall not apply to or in any way limit the obligations of the Section entitled ""Indemnity,"" the Section entitled ""Confidentiality and Information Protection,"" or Supplier's gross negligence or willful misconduct.

30.0 DAMAGE",True,True,100.68
"norm_Columbia Laboratories, (Bermuda) Ltd. - AMEND NO. 2 TO MANUFACTURING AND SUPPLY AGREEMENT",45562,"This Amendment No. 2 to the Manufacturing and Supply Agreement between Columbia Laboratories (Bermuda) Ltd. and Fleet Laboratories Limited modifies the original agreement dated December 8, 2009. The amendment, effective from 2018, introduces new definitions, alters existing ones, and adds several compliance and regulatory obligations. Columbia must ensure the provision of equipment and bear maintenance costs, while Fleet is responsible for manufacturing products according to specified standards and maintaining regulatory compliance, including adherence to Brazilian and EU guidelines. Key risks involve potential regulatory non-compliance and intellectual property disputes. Penalties include termination rights for material breaches and specific indemnities for losses arising from non-compliance or operational failures. The agreement allows termination under specified conditions, including regulatory failures or significant changes in control at Fleet. Additional clauses cover confidentiality, public disclosure, and the handling of disputes under English law.",137,"""12.1 Term. Unless terminated earlier pursuant to Section 12.2 below, the initial term of this Agreement shall expire on 31 December 2024 (the ""Initial Term"") unless the Parties mutually agree in writing any extension to the Initial Term. Upon termination of this Agreement, Fleet agrees to perform its obligations under this Agreement until the earlier of [***].""

""12.2 (b) Columbia shall have the right to terminate this Agreement upon [***] notice to Fleet in the event:
(i) Fleet fails to maintain its authorizations under Applicable law to manufacture the product, including without limitation those from MHRA;
(ii) a Change of Control Event with respect to Fleet occurs;
(iii) Fleet cannot supply product at a Competitive Price; or
(iv) the Ares Agreement is terminated.""

""12.3 (b) Expiration or termination of this Agreement shall not relieve the parties of any obligation accruing prior to such expiration or termination. The provisions of Sections 1 (Definitions), 3A.2, 3A.3 and 3A.8 (Machinery and Equipment), 4.1 (Audits), 5.2 (Invoicing), 7 (Representations and Warranties), 8 (Insurance), 9 (Adverse Events; Recalls), 10 (Indemnification; Limitation of Liability), 11.1 (Confidentiality and Public Disclosure), 12 (Term and Termination) and 13 (General Provisions) shall survive any expiration or termination of this Agreement.""

""12.3 (c) If Columbia terminates this Agreement under Section 12.2 (b)(ii) or (iii), Columbia shall reimburse Fleet for [***] purchased by Fleet under this Agreement in the period of [***] prior to the date of termination that are only used by Fleet in the manufacture of the Products.""

""12.3 (d) If Columbia terminates this Agreement","""11.1 Confidentiality. Each party will treat as confidential the Confidential Information of the other party and will take all necessary precautions to assure the confidentiality of such Confidential Information. Each party agrees to return to the other party upon the expiration or termination of this Agreement all Confidential Information acquired from such other party, except as to such information it may be required to retain under Applicable Law, and except for one copy of such information to be retained by such party's legal counsel. Neither party shall, during the period of this Agreement nor for five (5) years thereafter, without the other party's express prior written consent, other than as provided under this Agreement, use or disclose any such Confidential Information for any purpose other than to carry out its obligations hereunder. Each Party shall guard such Confidential Information using the same degree of care as it normally uses to guard its own confidential, proprietary information of like importance, but in any event no less than reasonable care.

11.2 Permitted Disclosures. Notwithstanding the obligations of confidentiality and non-use set out in Section 11.1, a Receiving Party may:
(a) disclose Confidential Information to a regulatory authority as reasonably necessary to obtain registration in a particular jurisdiction;
(b) disclose Confidential Information to the extent such disclosure is reasonably necessary to comply with the order of a court or is required to comply with any Applicable Law or other regulation, directive, instruction, direction or rule of any regulatory authority having jurisdiction over any activity under this Agreement, including to the extent such disclosure is required in publicly filed financial statements or other public statements under rules governing a stock exchange on which securities issued by either party may be listed; provided, to the extent possible, such party shall (i) notify the other party of the existence, terms and circumstances surrounding such a requirement; (ii) consult with the other party on the advisability of taking legally available steps to resist or narrow such requirement; (iii) provide the other party with a copy of the proposed text of","""10.1(a) Fleet's Indemnity Obligations. Fleet shall defend, indemnify and hold harmless Columbia, its Affiliates and their respective successors and permitted assigns (and the respective officers, directors, stockholders, partners and employees of each) from and against any and all losses liabilities, claims, actions, proceedings, damages and expenses (including, without limitation, reasonable attorneys' and professional fees and disbursements and expenses of litigation, arbitration or investigation) (""Damages"") relating to or arising from (i) any breach by Fleet or its Affiliates of its representations, warranties, covenants, agreements or obligations under this Agreement, including without limitation, the failure of Fleet to timely deliver all Product ordered or the failure of the Product to meet the Fleet Warranty and/or Product Specifications or the failure of Fleet to manufacture or warehouse the Product in accordance with the Product Specifications and Applicable Law (including those relating to c GMP); and (ii) any claims of infringement or misappropriation with respect to the manufacture of the Product, except to the extent such claim of infringement relates to the use of the Intellectual Property; and (iii) any personal injury or property damage to the extent that the injury or damage is the direct result of a failure by Fleet or its Affiliates or subcontractors to manufacture, package, or label the Product in accordance with the Specifications, GMP or Applicable Law.""

""10.1 (b) Columbia's Indemnity Obligations. Columbia shall defend, indemnify and hold harmless Fleet and its Affiliates, and their respective successors and permitted assigns (and the respective officers, directors, stockholders, partners and employees of each) from and against any and all Damages arising out of (i) the handling, possession, use, marketing, distribution or sale of any Product and finished pharmaceutical product containing a Product by Columbia or any of its distributors or agents after Fleet's delivery of the Product to",True,True,58.35
norm_CYBERIANOUTPOSTINC_07_09_1998-EX-10.13-PROMOTION AGREEMENT,22031,"This Promotion Agreement between CNET, Inc. and Cyberian Outpost, Inc., dated January 26, 1998, outlines the collaboration for promoting Cyberian Outpost's products through various online and television promotions. CNET is tasked with providing specific advertising services, including TV spots and banner promotions, detailed in Exhibit A, and ensuring these promotions are accessible on CNET Sites. Cyberian Outpost is responsible for maintaining the operational standards of its website, ensuring embedded links function correctly, and providing monthly sales reports to CNET. Financial terms include monthly payments from Cyberian Outpost to CNET, based on sales generated through the promotions. Key risks involve potential breaches of agreement terms, with penalties including continued promotion obligations beyond the contract term if initial obligations are not met. The agreement allows termination with a 30-day notice post the initial three months or immediately upon a material breach.",139,"The term of this Agreement (the ""Term"") will begin on February 1, 1998 and end on the first anniversary of the date of this Agreement; provided that (a) either party may terminate this Agreement, effective at any time after the first three months of the Term, by giving 30 days' written notice of termination to the other party, and (b) either party may terminate this Agreement at any time by giving written notice of termination to the other party, if the other party commits a material breach of its obligations hereunder that is not cured within 30 days after notice thereof from the non-breaching party. If this Agreement is terminated during any of the three month periods referenced in Section 2.3.2, then the required number of Retail Impressions applicable thereunder to such three month period will be pro rated accordingly.","9.7. Confidentiality. The material terms of this agreement and any information exchanged in connection herewith shall be covered by the Non-Disclosure Agreement between CNET and the Company dated December 5, 1997 (the ""NDA""). Notwithstanding the foregoing the following information will not be considered ""Confidential Information"" for purposes of the NDA provided that such information is not publicly identified as belonging to or coming from the Company: (a) information contained in the reports described in Section 3.2, (b) the names and e-mail addresses referenced in Section 3.4 and (c) any information obtained by CNET from Users who affirmatively request to be added to an e-mail newsletter pursuant to Section 3.5.","8.1 Indemnification by CNET. CNET shall indemnify and hold the Company harmless from and against any costs, losses, liabilities and expenses, including all court costs, reasonable expenses and reasonable attorney's fees (collectively, ""Losses"") that the Company may suffer, incur or be subjected to by reason of any legal action, proceeding, arbitration or other claim by a third party, whether commenced or threatened, arising out of or as a result of (a) any breach or alleged breach by CNET of its representations, warranties or covenants hereunder; or (b) the operation of the CNET Sites (except in cases where the Company is required to indemnify CNET under the following paragraph), including claims of infringement or misappropriation of intellectual property rights.

8.2 Indemnification by the Company. The Company shall indemnify and hold CNET harmless from and against any Losses that CNET may suffer, incur or be subjected to by reason of any legal action, proceeding, arbitration or other claim by a third party, whether commenced or threatened, arising out of or as a result of (a) any breach or alleged breach by the Company of its representations, warranties or covenants hereunder; (b) the use by CNET of the Company Marks or any content provided by the Company to CNET expressly for display in connection with or as part of the Promotions, including claims of infringement or misappropriation of intellectual property rights; or (c) the operation of the Company Site or the offer or sale of the Products by the Company or through the Company Site.

9.1 LIMITATION OF DAMAGES. NEITHER PARTY WILL BE LIABLE FOR ANY SPECIAL, INDIRECT, CONSEQUENTIAL OR INCIDENTAL DAMAGES ARISING OUT OF OR RELATED TO THIS AGREEMENT, HOWEVER CAUSED AND ON ANY THEORY OF LIABILITY (INCLUDING NEGLIGENCE), AND EVEN IF SUCH PARTY HAS BEEN ADVISED OF THE POSSIBILITY OF SUCH DAMAGES.",True,True,40.71
